Detail Page URL,Name,Price,Item condition,Availability,Brand,Category,Age Group,ID,Description,The navigation link,Images,Images URL
"http://www.childplay.com.au/a/kids-toy-trucks/bajo/vic/clifton-hill/bajo-truck/100133928","Bajo -Truck","$115","New","Buy online, In-store","Bajo","Kids Toy Trucks","2+","100133928","A beautiful wooden cargo truck. \nCargo can be removed from the truck and used as a puzzle. \nGreat first truck. \nMade in Poland. \nRecommended Age 2+","Home,Toys,Constructions & Vehicles,Vehicles,Trucks","100133928_1.jpg","http://www.childplay.com.au/dbimages/bike/fn_large/928/100133928/popup/bajo_blue_truck.jpg?201409082259;"
"http://www.childplay.com.au/a/baby-rattles/manhattan-toy/vic/clifton-hill/manhatten-toy-skwish-classic/100230317","Manhattan Toy Manhatten Toy - Skwish Classic","$29.95","New","Buy online, In-store","Manhattan Toy","Baby Rattles","0 to 12 months","100230317","The Manhatten Toy Company produce many top selling , award winning products for babies and toddlers. \nThe Skwish Classic is a multi award winning baby toy and is also a top selling activity toy at Childplay. We have been selling this item for over 15 years. \nAn innovative activity toy with sliding beads that skwishes and returns to its original shape. \n\nSize 14cm x 14cm \nMade in Thailand\nRenewable wood with non toxic water-based finish .","Home,Toys,Baby Toys,Rattles and Squeakers","100230317_1.jpg,100230317_2.jpg","http://www.childplay.com.au/dbimages/bike/fn_large/317/100230317/popup/sq.jpg?201510081116; http://www.childplay.com.au/dbimages/bike/fn_4/317/100230317/popup/toy.jpg?201510081116;"
"http://www.childplay.com.au/a/bath-squirt-toys/kid-o/vic/clifton-hill/kid-o-water-tower-set/100212339","Kid O Water Tower Set","$34.95","New","Buy online, In-store","Kid O","Bath Squirt Toys","3+","100212339","Kid O products are fabulous. \nGreat designs to engage young minds , promote creativity and imaginations. \nPour the water through the top of this multi- layered toy for an early lesson in water exploration. Watch as the water spins through the sieve to create raindrops into the waiting funnel, where it lands into the clear bottom cup. \nYou can also separate into individual pieces for smaller activities. \nCan be used outside and for bath time.","Home,Bathing & Changing,Bathing,Bath Accessories,Bath Toys,Squirt Toys","100212339_1.jpg,100212339_2.jpg","http://www.childplay.com.au/dbimages/bike/fn_2/339/100212339/popup/Kid-O---Water_Tower_Set_Parts_Hi_Res-LR.jpg?201506041701; http://www.childplay.com.au/dbimages/bike/fn_3/339/100212339/popup/Kid-O---Water_Tower_Set_Open_Hi_Res-LR.jpg?201506041701;"
"http://www.childplay.com.au/a/geography-educational-toys/other/vic/clifton-hill/atmosphere-illuminated-worldglobe/100135119","Atmosphere - Illuminated WorldGlobe","$120","New","Buy online, In-store","Other","Geography Educational Toys","5+","100135119","High quality Illuminated world Globes by Atmosphere. \nFamily Globe \nMade in Italy , created by talented designers who strive to enhance our vision of the most fascinating world - Earth. \nWonderfully illustrated and manufactured in compliance with the highest quality safety standards. \nDiameter - 30cm\nBase - plastic\nMeridian plastic\nLight 18w halogen","Home,Toys,Educational & Books,Educational,Geography","100135119_1.jpg","http://www.childplay.com.au/dbimages/bike/fn_large/119/100135119/popup/atmosphere_globe.jpg?201409040845;"
"http://www.childplay.com.au/a/dollhouse/janod/vic/clifton-hill/furnished-maison-doll-house-pink/100148118","Janod Furnished Maison Doll House Pink","$279.95","New","Buy online, In-store","Janod","Dollhouse","3+","100148118","Out of stock. \nOne of the most beautifully styled dollhouses for children . \nThis Dollhouse consists of 2 levels and an attic. \nFurniture included in house. \nFrench designed and very beautiful. \nHighly recommended . \nRecommended Age 3+\nFor interstate purchases please call/email for a postage quote. We are happy to assist in postage costs.","Home,Toys,Dolls,Dollhouse,Dollhouse","100148118_1.jpg,100148118_2.jpg","http://www.childplay.com.au/dbimages/bike/fn_large/118/100148118/popup/l_img_prod_10426.jpg?201507011247; http://www.childplay.com.au/dbimages/bike/fn_2/118/100148118/popup/janod_dolls_house.jpg?201507011247;"
"http://www.childplay.com.au/a/soft-cat-toys/jellycat/vic/clifton-hill/jellycat-cat/100242942","Jellycat - Cat","$39.95","New","Buy online, In-store","Jellycat","Soft Cat Toys","1+","100242942","Jellycat plush toys are beautiful, quirky soft toys that children love. \nSuper , super soft to cuddle. \nThe Bashful Cat has lovely long arms to grab onto and a super long tail. \nCuddle, cuddle , cuddle. \nLength 31 cm","Home,Toys,Figures, Animals & Plush,Soft,Cats","100242942_1.jpg","http://www.childplay.com.au/dbimages/bike/fn_2/942/100242942/popup/image.jpg?201509141745;"
"http://www.childplay.com.au/a/nursery-mobiles/flensted/vic/clifton-hill/flensted-balloon-5/100230641","Flensted - Balloon 5","$64.95","New","Buy online, In-store","Flensted","Nursery Mobiles","","100230641","Fly away with these hot air balloons! \n\nFlensted mobiles are designed to create constant motion and harmonic balance. \nMovement with imagination and creativity. \nMaterial cardboard and wood base. \nMobile is suspended by wire & thread, 5 balloons revolve independently with the smallest of air movements. \nMade in Denmark","Home,Nursery,Kids Bedroom,Decor,Mobiles","100230641_1.jpg,100230641_2.jpg,100230641_3.jpg","http://www.childplay.com.au/dbimages/bike/fn_large/641/100230641/popup/image.jpg?201507101032; http://www.childplay.com.au/dbimages/bike/fn_2/641/100230641/popup/balloon3.jpg?201507101032; http://www.childplay.com.au/dbimages/bike/fn_3/641/100230641/popup/baloon2.jpg?201507101032;"
"http://www.childplay.com.au/a/other-card-games/gamewright/vic/clifton-hill/sleeping-queens/100012601","Gamewright Sleeping Queens","$24.95","New","Buy online, In-store","Gamewright","Other Card Games","5+","100012601","A very popular card game. Use strategy, quick thinking and a little luck to rouse up these sleeping nobles. Play a knight to steal a queen or take a chance on a juggling jester. Player who wakes the most queens wins. \nHelp develop memory, strategy and basic math skills.","Home,Toys,Games & Puzzles,Games,Card Games,Other Card Games","100012601_1.jpg","http://www.childplay.com.au/dbimages/bike/fn_large/601/100012601/popup/sleeping_queens.jpg?201506132212;"
"http://www.childplay.com.au/a/educational-baby-toys/manhattan-toy/vic/clifton-hill/manhatten-toy-learn-play-ball/100237414","Manhattan Toy Manhatten Toy - Learn & Play Ball","$34.95","New","Buy online, In-store","Manhattan Toy","Educational Baby Toys","0 to 12 months","100237414","The original developmental baby toy. Another great item form Manhatten Toys. \nThis great fabric soft ball features ribbon taggies. bell sounds upon movement, and colourful pictures. \nGive it to me , feeling . \nRecommended age - Newborn + \nHeight 15cm x16 cm","Home,Toys,Baby Toys,Educational","100237414_1.jpg","http://www.childplay.com.au/dbimages/bike/fn_large/414/100237414/popup/image.jpg?201508241200;"
"http://www.childplay.com.au/a/kids-toy-trucks/green-toys/vic/clifton-hill/green-toys-dump-truck/100016420","Green Toys Dump truck","$54.95","New","Buy online, In-store","Green Toys","Kids Toy Trucks","1+","100016420","Fanatastic dump truck for ages 1+\nDurable , strong and made of recycled materials. \nMade in usa","Home,Toys,Constructions & Vehicles,Vehicles,Trucks","100016420_1.jpg","http://www.childplay.com.au/dbimages/bike/fn_large/420/100016420/popup/GY005.jpg?201509141741;"
"http://www.childplay.com.au/a/nursery-mobiles/flensted/vic/clifton-hill/jolly-brolly-bears/100069736","Flensted Jolly Brolly Bears","$34.95","New","Click & Collect, Buy online","Flensted","Nursery Mobiles","","100069736","Perfect for the nursery, kids rooms or any room of the house, the gorgeous mobiles from iconic label, Flensted! \n\nThe jolly brolly bears perform tricks that only normal teddies can dream of! We hang from the ceiling without failing down, and make lots of antics just like a clown. Curl up snugly in your bed, and on the pillow rest your head, look up and see us hanging there, a sight so jolly in the air. !","Home,Nursery,Kids Bedroom,Decor,Mobiles","100069736_1.jpg","http://www.childplay.com.au/dbimages/bike/fn_2/736/100069736/popup/1122-2555-large.jpg?201502061929;"
"http://www.childplay.com.au/a/kids-drawing-materials/crayonrocks/vic/clifton-hill/crayonrocks-16-piece/100281767","Crayonrocks 16 piece","$15.95","New","Buy online, In-store","Crayonrocks","Kids Drawing Materials","3+","100281767","Simply the best colouring tool for young children. Allows small fingers to colour in large , wide strokes. designed to strengthen the tripod grip muscles, preparing fingers and hands for pen and pencil use. \nMade from pure natural waxes from Amercian soy beans. \nPresented in red velvet bag. \nRecommended age 3+","Home,Toys,Art, Music & Creativity,Craft,Art Supplies,Drawing","100281767_1.jpg","http://www.childplay.com.au/dbimages/bike/fn_large/767/100281767/popup/c.jpg?201512092325;"
"http://www.childplay.com.au/a/pull-along-toy/brio/vic/clifton-hill/brio-pull-along-engine/100068409","Brio Pull Along Engine","$39.95","New","Buy online, In-store","Brio","Pull Along Toy","1+","100068409","Take this Train for an exciting adventure around the house. \nClassic design pull along for Recommended age 1 +.","Home,Toys,Baby Toys,Pull Along","100068409_1.jpg","http://www.childplay.com.au/dbimages/bike/fn_large/409/100068409/popup/brio.jpg?201502220803;"
"http://www.childplay.com.au/a/pull-along-toy/bajo/vic/clifton-hill/bajo-pull-along-frog/100133916","Bajo - Pull Along Frog","$39.95","New","Buy online, In-store","Bajo","Pull Along Toy","1+","100133916","A beautiful pull along frog . Fantastic frog up/ down movement when rolling along. \nRecommended Age 1 +","Home,Toys,Baby Toys,Pull Along","100133916_1.jpg","http://www.childplay.com.au/dbimages/bike/fn_large/916/100133916/popup/bajo_frog.jpg?201410102233;"
"http://www.childplay.com.au/a/kids-beach-toys/quut/vic/clifton-hill/cuppi/100186464","Quut Cuppi.","$13.95","New","Click & Collect, Buy online","Quut","Kids Beach Toys","4+","100186464","Cuppi. \nThree pieces. .. \nunlimited possibilities! \n\nThe Cuppi is a shovel, sieve and ball,\nall in one! Its ergonomic form is designed for small hands, bringing together three separate parts for a variety of activities. Use the shovel\nto scoop out sand castles and make tracks for the rolling ball. \n \nOr fill the specially engineered hole in the handle to write with sand or water. When playtime is over, snap the two cups together for easy transport. When at home, bring the Cuppi into the tub for bath time fun!","Home,Sports & Activities,Beach Activities","100186464_1.jpg,100186464_2.jpg,100186464_3.jpg,100186464_4.jpg","http://www.childplay.com.au/dbimages/bike/fn_large/464/100186464/popup/quut_cuppi_4.jpg?201502111118; http://www.childplay.com.au/dbimages/bike/fn_2/464/100186464/popup/quut_cuppi_7.jpg?201502111118; http://www.childplay.com.au/dbimages/bike/fn_3/464/100186464/popup/quut_cuppi_5.jpg?201502111118; http://www.childplay.com.au/dbimages/bike/fn_4/464/100186464/popup/quut_cuppi_8.jpg?201502111118;"
"http://www.childplay.com.au/a/dollhouse/tiger-tribe/vic/clifton-hill/tiger-tribe-fairy-house/100281528","Tiger Tribe Fairy House","$59.95","New","Buy online, In-store","Tiger Tribe","Dollhouse","3+","100281528","Portable , stylish, fun. \nAt the bottom of the garden you may find the most enchanting fairy house. A perfect place for the fairies to live. \nThis house includes 2 fairies, toalstool furniture, flower hammock, magical swan, lilypad bed, rainbow staircase. \nMade from Eco friendly birch plywood. \nNon toxic paints. \nRecommended age 3 +","Home,Toys,Dolls,Dollhouse,Dollhouse","100281528_1.jpg,100281528_2.jpg,100281528_3.jpg","http://www.childplay.com.au/dbimages/bike/fn_large/528/100281528/popup/f.jpg?201511261012; http://www.childplay.com.au/dbimages/bike/fn_2/528/100281528/popup/ff.jpg?201511261012; http://www.childplay.com.au/dbimages/bike/fn_3/528/100281528/popup/fff.jpg?201511261012;"
"http://www.childplay.com.au/a/toy-xylophone/other/vic/clifton-hill/glokenspiel-15-tones/100194362","Glokenspiel - 15 tones","$59.95","New","Buy online, In-store","Other","Toy Xylophone","3+","100194362","A beautiful musical instrument , an introduction to the world of pure sounds. \nMade of Alder wood. \n15 metal bars. \nMade in EU\nLength 38 cm, height 4cm","Home,Toys,Art, Music & Creativity,Musical,Xylophone","100194362_1.jpg,100194362_2.jpg","http://www.childplay.com.au/dbimages/bike/fn_2/362/100194362/popup/4.2.15_035.jpg?201512062339; http://www.childplay.com.au/dbimages/bike/fn_3/362/100194362/popup/4.2.15_039.jpg?201512062339;"
"http://www.childplay.com.au/a/magformers/magformers/vic/clifton-hill/magformers-wow-set/100182879","Magformers Wow Set","$54.95","New","Buy online, In-store","Magformers","Magformers","3+","100182879","NEW WOW SET - 16pieces\nThis set includes standard square , triangles and wheels. \nDesign cards are included to make different shapes ,figures and cards. \nRecommended age 3 +","Home,Toys,Constructions & Vehicles,Building,Magformers","100182879_1.jpg,100182879_2.jpg","http://www.childplay.com.au/dbimages/bike/fn_large/879/100182879/popup/magformers_wow_set.jpg?201512091925; http://www.childplay.com.au/dbimages/bike/fn_2/879/100182879/popup/magformers_wow_set_2.jpg?201512091925;"
"http://www.childplay.com.au/a/rag-dolls/ragtales/vic/clifton-hill/ragtales-doll-molly/100073847","Ragtales Doll - Molly","$49.95","New","Buy online, In-store","Ragtales","Rag Dolls","3+","100073847","Molly is a sweet and soft cotton ragdoll with pigtails and freckles. \nVery cute with brown velour hair, stripy tights and dressed in a full gathered floral print dress and pink pants. \nWeighted body and embroidered face. \nMolly has her own embroidered linen carry bag. \nWe love Molly !","Home,Toys,Dolls,Dolls,Rag Dolls","100073847_1.jpg,100073847_2.jpg","http://www.childplay.com.au/dbimages/bike/fn_large/847/100073847/popup/rag_molly_2_resize.jpg?201509080920; http://www.childplay.com.au/dbimages/bike/fn_2/847/100073847/popup/rag_molly_resize.jpg?201509080920;"
"http://www.childplay.com.au/a/baby-rattles/alimrose-designs/vic/clifton-hill/monkey-soft-toy-rattle-navy/100057565","Alimrose Designs Monkey soft toy rattle - navy","$34.95","New","Buy online, In-store","Alimrose Designs","Baby Rattles","0 to 12 months","100057565","A beautifully crafted monkey rattle \nLovely long legs & arms to grab. \nSoft cotton fabric. \nVery popular for newborns. \n30 cm long","Home,Toys,Baby Toys,Rattles and Squeakers","100057565_1.jpg","http://www.childplay.com.au/dbimages/bike/fn_large/565/100057565/popup/alimrose_monket_navy_resize.jpg?201506192210;"
"http://www.childplay.com.au/a/kids-craft-activity-kit/seedling/vic/clifton-hill/seedling-tiara/100285085","Seedling Tiara","$24.95","New","Buy online, In-store","Seedling","Kids Craft Activity Kit","4+","100285085","Seedling love the potential in every child to take basic skills and materials and make something extraordinary. \nThis Tiara kit has everything you need to create the ultimate royL accessory. \nKit includes Tiara head band base, sparkly beads, metallic pipe cleaners, threading Pom Pom . \nRecommended age 4 +","Home,Toys,Art, Music & Creativity,Craft,Activity Kit","100285085_1.jpg,100285085_2.jpg,100285085_3.jpg","http://www.childplay.com.au/dbimages/bike/fn_large/85/100285085/popup/image.jpg?201512071216; http://www.childplay.com.au/dbimages/bike/fn_2/85/100285085/popup/image.jpg?201512071216; http://www.childplay.com.au/dbimages/bike/fn_3/85/100285085/popup/image.jpg?201512071216;"
"http://www.childplay.com.au/a/fantasy-action-figures/schleich/vic/clifton-hill/schleich-shansy/100021291","Schleich - Shansy","$79.95","New","Buy online, In-store","Schleich","Fantasy Action Figures","3+","100021291","Shansy is a blue dragon that travels through the remote cold mountains of the north.","Home,Toys,Figures, Animals & Plush,Action Figures,Fantasy","100021291_1.jpg","http://www.childplay.com.au/dbimages/bike/fn_large/291/100021291/popup/schleich.jpg?201509080836;"
"http://www.childplay.com.au/a/rag-dolls/ragtales/vic/clifton-hill/rag-doll-megan/100073846","Ragtales Rag Doll Megan","$49.95","New","Click & Collect, Buy online","Ragtales","Rag Dolls","3+","100073846","A beautiful soft cotton ragdoll with a weighted body . Megan is gorgeous and wears a layered dress and wrap around woven cardigan . \nCaramel velour hair makes her cuddly and playful. \nMade with beauty and durability in mind. \nShe has her very own linen carry bag with name embroidered on it. \nLength 42 cm","Home,Toys,Dolls,Dolls,Rag Dolls","100073846_1.jpg,100073846_2.jpg","http://www.childplay.com.au/dbimages/bike/fn_large/846/100073846/popup/rag_megan_resize.jpg?201412180018; http://www.childplay.com.au/dbimages/bike/fn_2/846/100073846/popup/rag_megan_3.jpg?201412180018;"
"http://www.childplay.com.au/a/rocket-dollhouse/hape/vic/clifton-hill/hape-play-rocket/100019134","Hape -Play Rocket","$189.95","New","Buy online, In-store","Hape","Rocket Dollhouse","3+","100019134","A fabulous spaceship and lift off rocket. Over 25 pieces to explore the space world . Spaceship can be removed from top of rocket and a manual lift can be operated through the centre of rocket. Recommended for 3 yrs +","Home,Toys,Dolls,Dollhouse,Rocket","100019134_1.jpg","http://www.childplay.com.au/dbimages/bike/fn_2/134/100019134/popup/educo_rocket.jpg?201508200804;"
"http://www.childplay.com.au/a/toy-construction-vehicles-1/siku/vic/clifton-hill/black-hoe-loader/100218616","SIKU Black Hoe Loader","$39.95","New","Buy online, In-store","SIKU","Toy Construction Vehicles","3+","100218616","The SIKU brand produces a high quality toy model manufactured in multiple facilities in Germany, Europe and Asia. \n\nA great die-cast model with plastic parts. Dig and lift with this fun toy! \n\nItem code 3531","Home,Toys,Constructions & Vehicles,Vehicles,Farm Vehicles","100218616_1.jpg,100218616_2.jpg","http://www.childplay.com.au/dbimages/bike/fn_2/616/100218616/popup/SI3531.jpg?201506161042; http://www.childplay.com.au/dbimages/bike/fn_4/616/100218616/popup/new.jpg?201506161042;"
"http://www.childplay.com.au/a/wall-hangings-nursery-bedroom-decor/-bride-and-wolfe/vic/clifton-hill/heart-shelf/100230330","Bride and Wolfe Heart Shelf","$290","New","Buy online, In-store","Bride and Wolfe","Wall Hangings Nursery & Bedroom Decor","","100230330","Hand made in Melbourne by Bride and Wolfe. \nBeautiful heart shelves to display your special treasures. \nPowder coated steel and hand dye cotton yarn. \nPerfect for any bedroom or unique space. \nMeasurement - width 50cm x height 50 cm x depth 8cm \nMeasurement between shelves 11-12cm \nAvailable in 6 colours - Mint, Yellow , Pink, White , Blue, Persimmon. \nWeight 1. 9 kg","Home,Nursery,Kids Bedroom,Decor,Wall Art,Wall Hangings","100230330_1.jpg,100230330_2.jpg,100230330_3.jpg,100230330_4.jpg","http://www.childplay.com.au/dbimages/bike/fn_large/330/100230330/popup/image.jpg?201508180953; http://www.childplay.com.au/dbimages/bike/fn_2/330/100230330/popup/image.jpg?201508180953; http://www.childplay.com.au/dbimages/bike/fn_3/330/100230330/popup/image.jpg?201508180953; http://www.childplay.com.au/dbimages/bike/fn_4/330/100230330/popup/image.jpg?201508180953;"
"http://www.childplay.com.au/a/kids-drawing-materials/djeco/vic/clifton-hill/djeco-gel-pastel-crayons/100194209","Djeco Gel Pastel Crayons","$17.95","New","Buy online, In-store","Djeco","Kids Drawing Materials","3+","100194209","A beautiful set of 12 gel pastel crayons. A sensory delight for any child. \nSmooth and easy to use. \nEach pastel comes in a plastic case and can be wound up and down. \n12 Colours to choose from.","Home,Toys,Art, Music & Creativity,Craft,Art Supplies,Drawing","100194209_1.jpg","http://www.childplay.com.au/dbimages/bike/fn_large/209/100194209/popup/djeco_crayons.jpg?201502031319;"
"http://www.childplay.com.au/a/pencils/lyra/vic/clifton-hill/lyra-colour-giants/100025797","Lyra Colour Giants","$39.95","New","Click & Collect, Buy online","Lyra","Pencils","","100025797","German made pencils with extra thick leads - 6. 25mmm in diameter,\nbreak resistant . \nThe most beautiful colours and lovely to hold. 18 asst,. colours.","Home,Party & School,School Supplies & Luggage,Stationery,Pencils","100025797_1.jpg","http://www.childplay.com.au/dbimages/bike/fn_large/797/100025797/popup/lyra_18_p.jpg?201411062111;"
"http://www.childplay.com.au/a/music-boxes/moulin-roty/vic/clifton-hill/music-box-les-papoum/100283537","Moulin Roty Music Box - Les Papoum","$64.95","New","Buy online, In-store","Moulin Roty","Music Boxes","","100283537","A gorgeous French music box . \nAn elephant , a hippo moving around the the top of a pond. \nWind it up and around pde they go.","Home,Toys,Art, Music & Creativity,Music Boxes","100283537_1.jpg","http://www.childplay.com.au/dbimages/bike/fn_large/537/100283537/popup/image.jpg?201512031124;"
"http://www.childplay.com.au/a/educational-toys/tomy/vic/clifton-hill/hide-n-squeak-eggs/100021073","Tomy Hide n Squeak eggs","$14.95","New","Buy online, In-store","Tomy","Educational Toys","1+","100021073","A fabulous carton of plastic eggs which encourage shape sorting , colour recognition and fine motor skills . \nEggs also squeak when pushed down. \nLots of fun. \nRecommended age 1 +","Home,Toys,Educational & Books,Educational","100021073_1.jpg,100021073_2.jpg","http://www.childplay.com.au/dbimages/bike/fn_large/73/100021073/popup/tomy_resize.jpg?201512062326; http://www.childplay.com.au/dbimages/bike/fn_2/73/100021073/popup/tomy_resize_2.jpg?201512062326;"
"http://www.childplay.com.au/a/model-vehicle-kit/metal-earth/vic/clifton-hill/penny-farthing-3d-metal-model/100283535","Metal Earth Penny - Farthing -3D Metal Model","$22.95","New","Buy online, In-store","Metal Earth","Model Vehicle Kit","12+","100283535","A 3D laser cut model of a high wheel bicycle. \nCut from 11cm square thin sheet of metal . 2 sheets included. \nTo construct the model you pop the pieces out on the sheets and they slot together.","Home,Toys,Constructions & Vehicles,Building,Model Kits,Vehicle","100283535_1.jpg","http://www.childplay.com.au/dbimages/bike/fn_large/535/100283535/popup/image.jpg?201512021352;"
"http://www.childplay.com.au/a/toy-aircraft/siku/vic/clifton-hill/siku-police-helicopter/100217051","SIKU - Police Helicopter","$44.95","New","Buy online, In-store","SIKU","Toy Aircraft","3+","100217051","The SIKU brand produces a high quality toy model manufactured in multiple facilities in Germany, Europe and Asia. \nDie-cast model with plastic parts . \nThis helicopter is new to the range. \nA great item for all children. \nLength 21 cm x width 4cm x height 7cm \nBox size 24cm x 6cm x 10cm","Home,Toys,Constructions & Vehicles,Vehicles,Aircraft","100217051_1.jpg,100217051_2.jpg","http://www.childplay.com.au/dbimages/bike/fn_3/51/100217051/popup/police1.jpg?201506150918; http://www.childplay.com.au/dbimages/bike/fn_4/51/100217051/popup/police2.jpg?201506150918;"
"http://www.childplay.com.au/a/doll-feeding/pintoy/vic/clifton-hill/pintoy-high-chair/100094846","Pintoy High Chair","$99.95","New","Buy online, In-store","Pintoy","Doll Feeding","","100094846","A lovely dolls accessory . Feed your dolls at the table when its meal time. \nFlat packed for delivery.","Home,Toys,Dolls,Doll Accessories,Doll Feeding","100094846_1.jpg","http://www.childplay.com.au/dbimages/bike/fn_large/846/100094846/popup/pintoy_high_chair.jpg?201509061340;"
"http://www.childplay.com.au/a/baby-rattles/other/vic/clifton-hill/oball-orange/100087074","OBall - orange","$12.95","New","Buy online, In-store","Other","Baby Rattles","0 to 12 months","100087074","An excellent toy for all babies. \nThe OBall rattles when you shale, roll and throw it. \nEasy to grip, light weight and excellent for promoting hand eye co-ordination. \nGreat design, great fun. \nCan be used inside ,outside and bath time. \nSuitable from birth+\n3 different colours - pink , orange, blue","Home,Toys,Baby Toys,Rattles and Squeakers","100087074_1.jpg","http://www.childplay.com.au/dbimages/bike/fn_large/74/100087074/popup/oball_resize.jpg?201506112115;"
"http://www.childplay.com.au/a/baby-rattles/tolo/vic/clifton-hill/tolo-mouse-rattle/100206786","Tolo Mouse Rattle","$22.95","New","Buy online, In-store","Tolo","Baby Rattles","0 to 12 months","100206786","Tolo toys are specifically designed to stimulate your baby using colour, sound and feel as key stimulating aids. \nThis little Rattle Mouse is gorgeous with clicking and rotating ears. \nRecommended age 3 months + \nBeautifully packaged in gift box \n14x 12x 6cm","Home,Toys,Baby Toys,Rattles and Squeakers","100206786_1.jpg","http://www.childplay.com.au/dbimages/bike/fn_large/786/100206786/popup/Mouse_Rattle_Tolo.jpg?201509072252;"
"http://www.childplay.com.au/a/other-card-games/moose/vic/clifton-hill/dobble/100192199","Moose Dobble","$24.95","New","Buy online, In-store","Moose","Other Card Games","6+","100192199","A top selling game at Childplay. \n55 cards, 8 symbols per card and always only one symbol shared between any two cards. \nimproves speed, observation , reflexes. \n\nFor 2 to 8 players . \nRecommended age 6 and up","Home,Toys,Games & Puzzles,Games,Card Games,Other Card Games","100192199_1.jpg,100192199_2.jpg","http://www.childplay.com.au/dbimages/bike/fn_large/199/100192199/popup/dobble_2.jpg?201506192215; http://www.childplay.com.au/dbimages/bike/fn_2/199/100192199/popup/dobble.jpg?201506192215;"
"http://www.childplay.com.au/a/kids-tea-set/djeco/vic/clifton-hill/-djeco-lili-rose-tea-party-4-yrs/100182868","Djeco Lili Rose Tea Party 4+Yrs","$59.95","New","Buy online, In-store","Djeco","Kids Tea Set","4+","100182868","The Lili Rose Tea Party from Djeco is a beautiful pink and green Tea set to develop imaginative play and watch your little one pretend preparing yummy Tea party for their friends! \n\nThe set features realistic chunky wooden pieces including a serving tray, sugar dish, teapot, 2 tea cups, 2 saucers, 2 spoons, 1 cake plate, and 2 tea bags. Also the set comes with a birthday cake that can be sliced and 5 candles that can be taken out. \n\nEach colourful piece is made from soft wood and is pleasant to touch. The Lili Rose Tea Party encourages expression skills and is a present that will delight little girls! \n\nTray dimension (approx. ): 29 x 23cm","Home,Toys,Pretend Play,Tea Set","100182868_1.jpg","http://www.childplay.com.au/dbimages/bike/fn_large/868/100182868/popup/djeco-dj6639-lili-rose-tea-party.jpg?201512062349;"
"http://www.childplay.com.au/a/reptile-animal-figurines/schleich/vic/clifton-hill/schleich-dinosaur-kentrosaurus/100229867","Schleich Dinosaur - Kentrosaurus","$24.95","New","Buy online, In-store","Schleich","Reptile Animal Figurines","3+","100229867","Kentrosaurus is a smaller stegosaurus with a length of 5 metres. This model is 14cm in length , 9 cm in height & width. \nThis dinosaur had paired spines arranged on its back. \nGreat item for children to play and learn. \nRecommended age 3+","Home,Toys,Figures, Animals & Plush,Animal Figurines,Reptile","100229867_1.jpg,100229867_2.jpg","http://www.childplay.com.au/dbimages/bike/fn_2/867/100229867/popup/image.jpg?201507091341; http://www.childplay.com.au/dbimages/bike/fn_3/867/100229867/popup/a.jpg?201507091341;"
"http://www.childplay.com.au/a/ride-ons/indigo-jamm/vic/clifton-hill/indigo-jamm-scoot-racing-red/100245916","Indigo Jamm - Scoot Racing Red","$139.95","New","Buy online, In-store","Indigo Jamm","Ride Ons","1+","100245916","A fun way to develop gross motor movements on this groovy ride on. \nMulti directional casters give free flowing movement in all directions. \nRecommended for indoors . \nMade from durable rubber wood . \n Length 45, height 40cm , width 30cm\nRecommended age 1 +","Home,Toys,Rideons & Wagons,Ride Ons","100245916_1.jpg","http://www.childplay.com.au/dbimages/bike/fn_2/916/100245916/popup/image.jpg?201509231541;"
"http://www.childplay.com.au/a/toy-cars/playforever/vic/clifton-hill/midi-buck-black-and-red-racing-car/100239187","Playforever Midi Buck Black And Red Racing Car","$69.95","New","Click & Collect, Buy online","Playforever","Toy Cars","3+","100239187","Playforever Midi Buck Black And Red Racing Car Reminiscent of the 1920’s racing car, the Midi Buck in Black and Red is a contemporary version of a bygone era. Hot red, movable rubber wheels and a shiny black body make this Playforever toy a must-have","Home,Toys,Constructions & Vehicles,Vehicles,Cars","100239187_1.jpg","http://www.childplay.com.au/dbimages/bike/fn_large/187/100239187/popup/707963.jpg?201509041037;"
"http://www.childplay.com.au/a/kitchen-pretend-play-toys/djeco/vic/clifton-hill/lili-rose-cooker/100182869","Djeco Lili rose cooker","$120","New","Click & Collect, Buy online","Djeco","Kitchen Pretend Play Toys","4+","100182869","Lili Rose's cooker comes with a pot and a pan, a spatula and a spoon, salt and pepper, a clock and even a tea towel! \nThis charming wooden cooker has an opening oven door and turnable hob dials. \nAssembly required. \nDimensions: 34 x 29 x 15cm \nAge 4+\nSmall parts warning.","Home,Toys,Pretend Play,Kitchen","100182869_1.jpg","http://www.childplay.com.au/dbimages/bike/fn_large/869/100182869/popup/djeco_lili_rose_cooker-baby_enroute.jpg?201501242247;"
"http://www.childplay.com.au/a/kids-toy-trucks/siku/vic/clifton-hill/siku-magirus-fire-engine/100218456","SIKU - Magirus Fire Engine","$44.95","New","Buy online, In-store","SIKU","Kids Toy Trucks","3+","100218456","The SIKU brand produces a high quality toy model manufactured in multiple facilities in Germany, Europe and Asia. \nDie-cast model with plastic parts . \nAttachable rear hose . \nWonderful item , attachable hose , rotating rear ladder \nitem code 4114\nLength 14 cm x height 6cm , width 4cm","Home,Toys,Constructions & Vehicles,Vehicles,Trucks","100218456_1.jpg,100218456_2.jpg,100218456_3.jpg","http://www.childplay.com.au/dbimages/bike/fn_large/456/100218456/popup/fire1.jpg?201506160955; http://www.childplay.com.au/dbimages/bike/fn_2/456/100218456/popup/fire3.jpg?201506160955; http://www.childplay.com.au/dbimages/bike/fn_4/456/100218456/popup/fire2.jpg?201506160955;"
"http://www.childplay.com.au/a/science-educational-toys/heebie-jeebies/vic/clifton-hill/clip-circuit-electro-lab/100281707","Heebie Jeebies Clip Circuit Electro Lab","$39.95","New","Buy online, In-store","Heebie Jeebies","Science Educational Toys","7+","100281707","The perfect way to learn about electronics for 7 to 12year olds. \nAll components click together easily . no electronic experience necessary. Graphics on each component show its electronic symbol, to help illustrate how he current travels through the circuit you build. \nIncludes a 32 page illustration manual. \nBox size 27cm X 21cm X 4cm","Home,Toys,Educational & Books,Educational,Science","100281707_1.jpg,100281707_2.jpg","http://www.childplay.com.au/dbimages/bike/fn_large/707/100281707/popup/image.jpg?201511261301; http://www.childplay.com.au/dbimages/bike/fn_2/707/100281707/popup/cl.jpg?201511261301;"
"http://www.childplay.com.au/a/balls/other/vic/clifton-hill/oball-multi/100224489","OBall multi","$9.95","New","Buy online, In-store","Other","Balls","","100224489","An excellent toy for all babies. \nEasy to grip, light weight and excellent for promoting hand eye co-ordination. \nGreat design, great fun. \nCan be used inside ,outside and bath time. \nSuitable from birth+\n3 different multi colours- blue & green , purple & pink , multi primary","Home,Sports & Activities,Balls","100224489_1.jpg,100224489_2.jpg","http://www.childplay.com.au/dbimages/bike/fn_2/489/100224489/popup/image.jpg?201506231023; http://www.childplay.com.au/dbimages/bike/fn_3/489/100224489/popup/image.jpg?201506231023;"
"http://www.childplay.com.au/a/baby-walker/pintoy/vic/clifton-hill/pintoy-walker-with-blocks/100161869","Pintoy - Walker with Blocks","$99.95","New","Buy online, In-store","Pintoy","Baby Walker","1+","100161869","A colourful wooden walker for children age 12months. . Great assistance for pre walking and great fun when they are mobile. \nPlay with the blocks or take your little teddy for a walk. \n24pce wooden blocks\nWalker size -38cm x 31cm x 46cm\nFlat packed to be assembled. \n\nPostage may be adjusted if local , please call to enquire about postage quote.","Home,Bouncers, Jumpers, Swings & Walkers,Walker","100161869_1.jpg,100161869_2.jpg","http://www.childplay.com.au/dbimages/bike/fn_large/869/100161869/popup/pintoy_baby_walker_with_blcks.jpg?201505141258; http://www.childplay.com.au/dbimages/bike/fn_2/869/100161869/popup/pintoy_walker_2.jpg?201505141258;"
"http://www.childplay.com.au/a/blocks/areaware/vic/clifton-hill/areaware-balancing-blocks/100068399","Areaware Balancing Blocks","$89.95","New","Buy online, In-store","Areaware","Blocks","1+","100068399","Beautiful blocks for any child and adult. \nBalance these ten stone size shapes to create your own sculpture. \nTumbled in water based paint and packaged in a cotton drawstring bag. \nMaterial - Oak Wood","Home,Toys,Constructions & Vehicles,Building,Blocks","100068399_1.jpg,100068399_2.jpg,100068399_3.jpg","http://www.childplay.com.au/dbimages/bike/fn_large/399/100068399/popup/arearesizeblocks2.jpg?201510172309; http://www.childplay.com.au/dbimages/bike/fn_2/399/100068399/popup/areablocksresize.jpg?201510172309; http://www.childplay.com.au/dbimages/bike/fn_3/399/100068399/popup/area2.jpg?201510172309;"
"http://www.childplay.com.au/a/kids-bowling-set/lilliputiens/vic/clifton-hill/farm-bowling-pins/100184071","Lilliputiens farm bowling pins","$79.95","New","Buy online, In-store","Lilliputiens","Kids Bowling Set","0 to 12 months","100184071","Soft Toy\nEasy To Store And Carry\nLuxurious And Colourful Fabrics\n6 Soft Safari Animals And Rattle Ball\nSuitable for 6 Mths+\n\nThe farm bowling pins from Lilliputiens is a fun version for kids of the traditional game. The soft skittles game features 6 farm friends to knock down with a soft multicoloured rattle ball. \n\nDo you want to have a go at knocking Arnold down? Or will Basil be the first one to fall down? . This fun game helps with motor development, grabbing, throwing and encourages the recognition of colours and animals. A present to please little tots! \n\nAlso, the set comes in a sturdy plastic bag with zip for easy storage. \n\nBag Dimensions (approx. ) 18x22cm. \n\nAge guide: from 6 Months. \n\nLilliputiens toys are designed in Belgium and manufactured to strict quality and safety standards, meeting both European and Australian requirements.","Home,Toys,Games & Puzzles,Games,Bowling","100184071_1.jpg","http://www.childplay.com.au/dbimages/bike/fn_large/71/100184071/popup/il1.jpg?201512070846;"
"http://www.childplay.com.au/a/pull-along-toy/tolo/vic/clifton-hill/tolo-push-and-go-teddy/100206785","Tolo- Push and Go Teddy","$34.95","New","Buy online, In-store","Tolo","Pull Along Toy","1+","100206785","A top selling toy at Childplay. \nPress the teddy down , then watch him as he zooms across the floor. \nGreat fun . Encourages interaction and imaginative play. \nRecommended age 1+","Home,Toys,Baby Toys,Pull Along","100206785_1.jpg,100206785_2.jpg","http://www.childplay.com.au/dbimages/bike/fn_large/785/100206785/popup/DA2192---2-Tolo-Push-_-Go-T.jpg?201505251127; http://www.childplay.com.au/dbimages/bike/fn_2/785/100206785/popup/sw-097_1z.jpg?201505251127;"
"http://www.childplay.com.au/a/kids-scooters/micro/vic/clifton-hill/maxi-micro-scooter-blue/100164294","Maxi Micro scooter - Blue","$199.95","New","Buy online, In-store","Micro","Kids Scooters","","100164294","Currently out of stock\nMaxi micro scooters are a great 3 wheel scooter for ages 5+\nWide non slip deck, low to the ground, adjustable handlebar height , lean and steer action. \nBig brother to the mini micro 3 wheel scooter. \nFun, stability and good safety design. All parts can be replaced online. \nMaximum weight capacity 50 kg","Home,Sports & Activities,Bikes, Scooters & Helmets,Scooters,Scooters","100164294_1.jpg","http://www.childplay.com.au/dbimages/bike/fn_large/294/100164294/popup/maxi_blue.jpg?201509101541;"
"http://www.childplay.com.au/a/other-dolls/moulin-roty/vic/clifton-hill/mademoiselle-colette/100227314","Moulin Roty Mademoiselle Colette","$129.95","New","Buy online, In-store","Moulin Roty","Other Dolls","1+","100227314","A beautiful Moulin Roty Doll. \nMadame Constance stands 49cm tall , wearing a purple floral dress, patterned legs and corduroy shoes with bow. \nPurple velour hair. \nA soft and cuddly best friend. \nBeautifully boxed. A perfect gift for any child.","Home,Toys,Dolls,Dolls,Other Dolls","100227314_1.jpg,100227314_2.jpg,100227314_3.jpg","http://www.childplay.com.au/dbimages/bike/fn_2/314/100227314/popup/image.jpg?201512012352; http://www.childplay.com.au/dbimages/bike/fn_3/314/100227314/popup/image.jpg?201512012352; http://www.childplay.com.au/dbimages/bike/fn_4/314/100227314/popup/3.jpg?201512012352;"
"http://www.childplay.com.au/a/reptile-animal-figurines/schleich/vic/clifton-hill/schleich-dinosaur-brachiasaurus/100229865","Schleich -Dinosaur Brachiasaurus","$44.95","New","Buy online, In-store","Schleich","Reptile Animal Figurines","3+","100229865","One of the largest animals on earth , long neck and tail. Plant eater. \nThis model dinosaur is 30 cm in length , 20 cm height, 8cm width. \nGreat Dinosuar for play and learn . \nRecommended age 3 +","Home,Toys,Figures, Animals & Plush,Animal Figurines,Reptile","100229865_1.jpg,100229865_2.jpg","http://www.childplay.com.au/dbimages/bike/fn_2/865/100229865/popup/image.jpg?201507091341; http://www.childplay.com.au/dbimages/bike/fn_3/865/100229865/popup/a.jpg?201507091341;"
"http://www.childplay.com.au/a/kids-tea-set/knox-floyd/vic/clifton-hill/-bird-tin-teaset/100276503","Knox & Floyd Bird Tin Teaset","$44.95","New","Buy online, In-store","Knox & Floyd","Kids Tea Set","3+","100276503","A gorgeous new Tin Teaset from Egmont. \n15 piece set includes 4 teacups & saucers, 4 plates ,teapot and serving tray. Presented in beautiful case. \n. \nSoft pastel Floral Bird Design. \n\nDesigned in Europe by Egmont.","Home,Toys,Pretend Play,Tea Set","100276503_1.jpg","http://www.childplay.com.au/dbimages/bike/fn_large/503/100276503/popup/image.jpg?201511181130;"
"http://www.childplay.com.au/a/nursery-mobiles/am-living/vic/clifton-hill/balloon-mobile-large/100025799","AM Living Balloon Mobile- large","$149.95","New","Click & Collect, Buy online","AM Living","Nursery Mobiles","","100025799","Wonderful balloon mobile for any children's room, family room, play area. \nMade from a lightweight spherical core covered by hand cut paper gores. Hand knotted rope net covers balloon and extends to basket lines. \n32cm x 56 cm","Home,Nursery,Kids Bedroom,Decor,Mobiles","100025799_1.jpg,100025799_2.jpg","http://www.childplay.com.au/dbimages/bike/fn_2/799/100025799/popup/am_living_balloon1.jpg?201503152122; http://www.childplay.com.au/dbimages/bike/fn_3/799/100025799/popup/am_living_balloon2.jpg?201503152122;"
"http://www.childplay.com.au/a/toy-cars/le-toy-van/vic/clifton-hill/le-toy-van-car-and-caravan/100228662","Le Toy Van Car and Caravan","$139.95","New","Buy online, In-store","Le Toy Van","Toy Cars","3+","100228662","A gorgeous 2 piece Wooden Car and caravan set from Le Toy Van . \nIncluded in this set is a picnic table and accessories. \nRecommended age 3 +","Home,Toys,Constructions & Vehicles,Vehicles,Cars","100228662_1.jpg","http://www.childplay.com.au/dbimages/bike/fn_3/662/100228662/popup/le_toy_van_caravan.jpg?201508311900;"
"http://www.childplay.com.au/a/other-board-games/orchard-toys/vic/clifton-hill/bus-stop-orchard-toys/100069308","Bus Stop - Orchard Toys","$39.95","New","Buy online, In-store","Orchard Toys","Other Board Games","4+","100069308","Out of stock. \nA very popular board game by Orchard Toys. A fun addition and subtraction game . Players move around the board by dice throwing, passenger hop on and off the bus. \nSee how many passengers you have when you reach the bus station. \nBus Stop is recommended for ages 4+","Home,Toys,Games & Puzzles,Games,Other Board Games","100069308_1.jpg","http://www.childplay.com.au/dbimages/bike/fn_large/308/100069308/popup/orchard_bus_stop.jpg?201509072246;"
"http://www.childplay.com.au/a/kinetic-sand/sand-in-motion/vic/clifton-hill/kinetic-sand-5kg/100055548","Sand in Motion Kinetic Sand - 5kg","$54.95","New","Buy online, In-store","Sand in Motion","Kinetic Sand","3+","100055548","Kinetic Sand is WABA Fun’s first product that breathes motion. Easy-to-shape sand that molds into simple desktop designs. Playing with Kinetic Sand is a magical and mesmerizing experience, giving a moment of relaxation for both young and old.","Home,Toys,Educational & Books,Educational,Kinetic Sand","100055548_1.jpg","http://www.childplay.com.au/dbimages/bike/fn_large/548/100055548/popup/5kg_box_1024x1024.jpg?201411062107;"
"http://www.childplay.com.au/a/kids-scooters/micro/vic/clifton-hill/mini-micro-scooter-red/100164291","Mini Micro Scooter- Red","$139.96","New","Buy online, In-store","Micro","Kids Scooters","","100164291","Mini micro scooters are the one of the best scooters for pre schoolers in Australia. \nInnovative design features for young beginners. \nThis 3 wheel design combined with the lean and steer action ensures safety and stability for young children. Enables children to use their body weight and balance to steer. \nHighly recommended as a first scooter. \nRecommended age 3 +\nmaximum weight 20 kg","Home,Sports & Activities,Bikes, Scooters & Helmets,Scooters,Scooters","100164291_1.jpg","http://www.childplay.com.au/dbimages/bike/fn_large/291/100164291/popup/mini_micro_red.jpg?201507030904;"
"http://www.childplay.com.au/a/kids-beach-toys/haba/vic/clifton-hill/haba-sand-bucket-scooter/100278472","Haba Sand Bucket Scooter","$44.95","New","Buy online, In-store","Haba","Kids Beach Toys","2+","100278472","A four piece sand play set. \nContents 1 bucket-cart, 1 sieve, 1 sand mould, 1 sand trowel. \nPresented in zip netting. \nMaterial - Plastic\n18cm X 16cm","Home,Sports & Activities,Beach Activities","100278472_1.jpg,100278472_2.jpg,100278472_3.jpg","http://www.childplay.com.au/dbimages/bike/fn_large/472/100278472/popup/image.jpg?201511231936; http://www.childplay.com.au/dbimages/bike/fn_2/472/100278472/popup/kit.jpg?201511231936; http://www.childplay.com.au/dbimages/bike/fn_3/472/100278472/popup/kit2.jpg?201511231936;"
"http://www.childplay.com.au/a/numeracy-educational-toys/melissa-doug/vic/clifton-hill/melissan-and-doug-wooden-abacus/100016722","Melissa & Doug Melissan and Doug Wooden Abacus","$29.95","New","Buy online, In-store","Melissa & Doug","Numeracy Educational Toys","3+","100016722","A good quality wooden abacus to assist in math skills, patterning and colour recognition . A timeless counting frame. \nRecommended for 3 years +","Home,Toys,Educational & Books,Educational,Numeracy","100016722_1.jpg","http://www.childplay.com.au/dbimages/bike/fn_large/722/100016722/popup/melissa_doug_abacus.jpg?201512061940;"
"http://www.childplay.com.au/a/north-american-animal-figurines/areaware/vic/clifton-hill/areaware-ursa-small/100133958","Areaware - Ursa small","$149.95","New","Buy online, In-store","Areaware","North American Animal Figurines","3+","100133958","A beautifully designed wooden jointed Bear . A perfect piece for any home . \nDesigned in New York .","Home,Toys,Figures, Animals & Plush,Animal Figurines,North American","100133958_1.jpg,100133958_2.jpg,100133958_3.jpg","http://www.childplay.com.au/dbimages/bike/fn_large/958/100133958/popup/areaware_ursa.jpg?201509052246; http://www.childplay.com.au/dbimages/bike/fn_2/958/100133958/popup/areaware_ursa.jpg?201509052246; http://www.childplay.com.au/dbimages/bike/fn_3/958/100133958/popup/areaware_bear.jpg?201509052246;"
"http://www.childplay.com.au/a/marble-run/kinderkram/vic/clifton-hill/marble-sounding-tree/100193475","kinderkram Marble Sounding Tree","$145","New","Buy online, In-store","kinderkram","Marble Run","3+","100193475","Marble Sounding Tree. \nDrop a marble down this beautiful wooden tree , watch & hear the magic. Beautiful sounds . \nGood for hand eye co-ordination. \nMade in Poland from eco friendly timbers, natural plant dyes and finnished with flax seed oil. \nA perfect gift for any child any age . \nIncludes 6 marbles\nHeight 72 cm\nDelivery outside Victoria will require postage quotation.","Home,Toys,Constructions & Vehicles,Building,Marble Run","100193475_1.jpg","http://www.childplay.com.au/dbimages/bike/fn_large/475/100193475/popup/marble_tree_large.jpg?201502040955;"
"http://www.childplay.com.au/a/kids-toy-trucks/siku/vic/clifton-hill/mobile-crane-liebherr/100218615","SIKU Mobile Crane Liebherr","$39.95","New","Buy online, In-store","SIKU","Kids Toy Trucks","3+","100218615","The SIKU brand produces a high quality toy model manufactured in multiple facilities in Germany, Europe and Asia. \n\nA great die-cast model of a crane with plastic parts. Lift things with this fun toy!","Home,Toys,Constructions & Vehicles,Vehicles,Trucks","100218615_1.jpg,100218615_2.jpg,100218615_3.jpg,100218615_4.jpg","http://www.childplay.com.au/dbimages/bike/fn_large/615/100218615/popup/crane1.jpg?201506161039; http://www.childplay.com.au/dbimages/bike/fn_2/615/100218615/popup/crane111.jpg?201506161039; http://www.childplay.com.au/dbimages/bike/fn_3/615/100218615/popup/crane2.jpg?201506161039; http://www.childplay.com.au/dbimages/bike/fn_4/615/100218615/popup/crane3.jpg?201506161039;"
"http://www.childplay.com.au/a/bath-toy-boat/quut/vic/clifton-hill/quut-sloopi-bath-boat/100223229","Quut - Sloopi bath boat","$19.95","New","Buy online, In-store","Quut","Bath Toy Boat","0 to 12 months","100223229","The Sloopi bath boat toy includes 3 pieces. Excellent design for boat stability. Transparent lid / magical see- through window for under water exploring. \nSloopi is great for the beach, perfect for shaping sand mould boats. \nAll pieces click together for storage. \nbox size 16cm x 16cm x 5 cm","Home,Bathing & Changing,Bathing,Bath Accessories,Bath Toys,Toy Boat","100223229_1.jpg,100223229_2.jpg,100223229_3.jpg","http://www.childplay.com.au/dbimages/bike/fn_large/229/100223229/popup/bo1.jpg?201506221129; http://www.childplay.com.au/dbimages/bike/fn_2/229/100223229/popup/bo2.jpg?201506221129; http://www.childplay.com.au/dbimages/bike/fn_3/229/100223229/popup/bo3.jpg?201506221129;"
"http://www.childplay.com.au/a/monkey-toys/alimrose-designs/vic/clifton-hill/monkey-soft-toy-red-stripe/100227310","Alimrose Designs Monkey soft toy - red stripe","$49.95","New","Buy online, In-store","Alimrose Designs","Monkey toys","0 to 12 months","100227310","New style \nA beautifully crafted monkey . \nLovely long legs and arms to grab. \nSoft cotton fabric. \nVery popular for newborns. \n47 cm length","Home,Toys,Figures, Animals & Plush,Soft,Monkey","100227310_1.jpg","http://www.childplay.com.au/dbimages/bike/fn_large/310/100227310/popup/alimrose_monkery_red_resize.jpg?201507021515;"
"http://www.childplay.com.au/a/kids-beach-toys/active-people/vic/clifton-hill/bilibo/100052564","Active People Bilibo","$44.95","New","Buy online, In-store","Active People","Kids Beach Toys","All Ages","100052564","Bilibo - fantastic! \nA different kind of toy for ages 2-6years. Bilibo can be used indoors , outdoors, in sand pit, in water. Bilibo is designed to encourage children to be creative and active with no specific play pattern. Bilibo is full of surprises. \nSpin around in the Bilibo, play with water in the Bilibo, use the Bilibo as a bed for your doll, wear Bilibo as a hat - endless fun ! \nPink , silver in stock","Home,Sports & Activities,Beach Activities","100052564_1.jpg,100052564_2.jpg","http://www.childplay.com.au/dbimages/bike/fn_3/564/100052564/popup/SDL318368749_1365491166_image1-932f1.jpg?201501302347; http://www.childplay.com.au/dbimages/bike/fn_4/564/100052564/popup/pop_Active_People_Bilibo_Red.jpg?201501302347;"
"http://www.childplay.com.au/a/nursery-mobiles/flensted/vic/clifton-hill/flensted-the-happy-frog/100064979","Flensted - the happy frog","$35","New","Click & Collect, Buy online","Flensted","Nursery Mobiles","","100064979","Flensted mobiles are designed to create constant motion and harmonic balance. Movement with imagination and creativity. Mobiles are suspended with wire and thread, 5 frogs revolve independently with the smallest of air movements. \nMaterial cardboard","Home,Nursery,Kids Bedroom,Decor,Mobiles","100064979_1.jpg","http://www.childplay.com.au/dbimages/bike/fn_large/979/100064979/popup/TheHappyFrog_1.jpg?201409230817;"
"http://www.childplay.com.au/a/kids-craft-activity-kit/pintoy/vic/clifton-hill/pintoy-flower-press/100094847","Pintoy Flower Press","$34.95","New","Buy online, In-store","Pintoy","Kids Craft Activity Kit","3+","100094847","A wooden flower press to inspire children to be creative with nature. \nTop seller at Childplay. \nRecommended age 3 +","Home,Toys,Art, Music & Creativity,Craft,Activity Kit","100094847_1.jpg","http://www.childplay.com.au/dbimages/bike/fn_large/847/100094847/popup/pintoy_flower_press.jpg?201507132314;"
"http://www.childplay.com.au/a/play-food-toys/melissa-doug/vic/clifton-hill/cutting-fruit/100230321","Melissa & Doug Cutting Fruit","$59.95","New","Buy online, In-store","Melissa & Doug","Play Food Toys","3+","100230321","This fantastic Melissa and Doug fruit box encourages children to improve fine motor skills and creative play. Wooden fruit items are connected with velcro. \nChildren can cut & serve with the wooden knife. \nSeven pieces of fruit can be cut into 17 pieces. \nRecommended age 3+","Home,Toys,Pretend Play,Play Food","100230321_1.jpg,100230321_2.jpg,100230321_3.jpg","http://www.childplay.com.au/dbimages/bike/fn_large/321/100230321/popup/c1.jpg?201512061939; http://www.childplay.com.au/dbimages/bike/fn_3/321/100230321/popup/c2.jpg?201512061939; http://www.childplay.com.au/dbimages/bike/fn_4/321/100230321/popup/c3.jpg?201512061939;"
"http://www.childplay.com.au/a/nursery-mobiles/flensted/vic/clifton-hill/dinghy-regatta-3/100069725","Flensted Dinghy Regatta 3","$45","New","Click & Collect, Buy online","Flensted","Nursery Mobiles","","100069725","Perfect for the nursery, kids rooms or any room of the house, the gorgeous mobiles from iconic label, Flensted! \n\nThis mobile, with dinghies manoeuvring amongst each other, evokes the pleasures of a day at the seaside. The perfect gift for sailors of all ages.","Home,Nursery,Kids Bedroom,Decor,Mobiles","100069725_1.jpg","http://www.childplay.com.au/dbimages/bike/fn_2/725/100069725/popup/1.jpg?201506181317;"
"http://www.childplay.com.au/a/blocks/haba/vic/clifton-hill/haba-little-amsterdam/100213258","Haba -Little Amsterdam","$169.95","New","Click & Collect, Buy online","Haba","Blocks","3+","100213258","Little Amsterdam is a gorgeous creative wooden set of building blocks and figures. Children can create their very own Little Village with rows of house and winding lanes. Encourages creativity and imagination . \n166 Different pieces \nMade in Germany. \nHighest quality wooden set.","Home,Toys,Constructions & Vehicles,Building,Blocks","100213258_1.jpg,100213258_2.jpg,100213258_3.jpg","http://www.childplay.com.au/dbimages/bike/fn_2/258/100213258/popup/amserdam.jpg?201506051222; http://www.childplay.com.au/dbimages/bike/fn_3/258/100213258/popup/amserdam2.jpg?201506051222; http://www.childplay.com.au/dbimages/bike/fn_4/258/100213258/popup/amster3.jpg?201506051222;"
"http://www.childplay.com.au/a/hard-plastic-dolls/other/vic/clifton-hill/kewpie-doll-mini-4cm/100241766","Kewpie Doll Mini 4cm","$2.95","New","Click & Collect, Buy online","Other","Hard Plastic Dolls","2+","100241766","The much loved Kewpie doll from 1900's is back. Made in Japan, it has moveable arms and legs, beautiful blue eyes, kiss curl hair, and a little pair of wings. \n\nThis retro doll is perfect for play or as a decorative doll. \n\nMade from soft PVC , non-toxic and safety tested. \nHeight 4cm","Home,Toys,Dolls,Dolls,Hard Plastic Dolls","100241766_1.jpg","http://www.childplay.com.au/dbimages/bike/fn_large/766/100241766/popup/Screen_Shot_2015-08-02_at_3.26.20_PM.jpg?201511191813;"
"http://www.childplay.com.au/a/kids-backpacks/skip-hop/vic/clifton-hill/ladybug-zoo-backpack/100248347","Skip Hop Ladybug Zoo Backpack","$35","New","Click & Collect, Buy online","Skip Hop","Kids Backpacks","","100248347","Whimsical details and durable materials make this the perfect pack for kids on-the-go. Easily holds all the supplies your kinder might need for a busy day of 'work' and play, and the mesh side pockets adjusts to fit a juice box, sippy cup or water bottle. The front insulated pouch is ideal for snacks and includes extra pockets for pencils and other travel necessities. Comfy padded straps go easy on little shoulders and there is a write-on name tag inside so your child can easily identify which is theirs. \n\nDetails:\n•BPA-Free, Phthalate-free, PVC free\n•Easy to clean\n•Roomy main compartment \n•Insulated pouch for snacks\n•Adjustable mesh bottle pocket \n•Padded, adjustable straps \n•Write on name tag inside\n\nDimensions: 25cm (W) x 29cm (H) x 10cm (D)","Home,Party & School,School Supplies & Luggage,Backpacks & Suitcases,Backpacks","100248347_1.jpg,100248347_2.jpg","http://www.childplay.com.au/dbimages/bike/fn_large/347/100248347/popup/z1.jpg?201509251322; http://www.childplay.com.au/dbimages/bike/fn_2/347/100248347/popup/z2.jpg?201509251322;"
"http://www.childplay.com.au/a/games-other/orchard-toys/vic/clifton-hill/orchard-toys-spotty-dogs/100135332","Orchard Toys - Spotty Dogs","$29.95","New","Buy online, In-store","Orchard Toys","Games Other","3+","100135332","Fantastic counting game. Game involves placing all cards on the floor/table with spotty dog side up. \nUsing the number spinner each player picks up the corresponding dog with number of spots. \nAt the end of the game each player counts the number of bones on the reverse side of dog cards. \nHighest number of bones wins. \nVery enjoyable game. Highly recommended. \nRecommended age 3-8years","Home,Toys,Games & Puzzles,Games,Games Other","100135332_1.jpg","http://www.childplay.com.au/dbimages/bike/fn_large/332/100135332/popup/spotty_dogs_resize.jpg?201409111601;"
"http://www.childplay.com.au/a/baby-rattles/kid-o/vic/clifton-hill/animal-wobbles-owl/100161910","Kid O Animal Wobbles Owl","$16.95","New","Buy online, In-store","Kid O","Baby Rattles","1+","100161910","Gorgeous baby wobble toy. \nThis toy will keep a little one amused and stands 10cm tall. \nRoly Poly Wobble movement . \n\nThese Kid O Animal Wobbles are indestructible toys that look gorgeous to boot. \n\nRecommended age 1+\nPlastic /weighted base","Home,Toys,Baby Toys,Rattles and Squeakers","100161910_1.jpg,100161910_2.jpg","http://www.childplay.com.au/dbimages/bike/fn_large/910/100161910/popup/OwlWobbleToy_hiRes.jpg?201511261629; http://www.childplay.com.au/dbimages/bike/fn_2/910/100161910/popup/Wobble-Toys-Eyes-2.jpg?201511261629;"
"http://www.childplay.com.au/a/kids-scooters/micro/vic/clifton-hill/micro-maxi-scooter-pink/100249743","Micro Maxi Scooter - Pink","$199.95","New","Buy online, In-store","Micro","Kids Scooters","","100249743","Out of stock\nIdeal next step from a Mini Micro\nAdjustable handlebar height\nWider non-slip deck, low to the ground\nLean and steer action\nBig brother to the Mini Micro 3 wheel scooter, the Maxi Micro is the ideal next step for those kids who want all the fun, stability and good safety design of the Mini, but are ready for something larger, cooler and more robust! \n\nWhether you're commuting to school, kindy or the shops, or just visiting the park, everyone arrives safe and smiling - stress free parents and very happy kids! \n\nYour child can cruise the pavements and parks smoothly and confidently, while further developing their balance and co-ordination skills. \n\nAvailable from micro® Australia in Black, Purple, Pink, Red and Green \nAges 5 - 12\nAll colours in stock now.","Home,Sports & Activities,Bikes, Scooters & Helmets,Scooters,Scooters","100249743_1.jpg","http://www.childplay.com.au/dbimages/bike/fn_4/743/100249743/popup/maximicroT_pinkWEB.jpg?201510271458;"
"http://www.childplay.com.au/a/stacking-toys/kid-o/vic/clifton-hill/kid-o-pattern-stackers/100213233","Kid O Pattern Stackers","$44.95","New","Buy online, In-store","Kid O","Stacking Toys","2+","100213233","Kid O products are fabulous. \nGreat designs to engage young minds, promote creativity and imaginations. \nSort the brightly coloured pieces to create unique patterns and designs, match colours and shapes. \nThis stacking toy focuses on hand and eye coordination and spatial awareness. \nIncludes 16 pieces.","Home,Toys,Baby Toys,Stacking Toys","100213233_1.jpg,100213233_2.jpg","http://www.childplay.com.au/dbimages/bike/fn_large/233/100213233/popup/stack2.jpg?201506051221; http://www.childplay.com.au/dbimages/bike/fn_2/233/100213233/popup/Kid-O---Pattern_Stacker_Combined_Hi_Res-LR.jpg?201506051221;"
"http://www.childplay.com.au/a/kids-toy-trucks/moover/vic/clifton-hill/moover-dump-truck-natural/100182888","Moover Dump Truck - Natural","$119.95","New","Buy online, In-store","Moover","Kids Toy Trucks","2+","100182888","Danish Design , a toy parents and children love. \nA ride -on or push along . \nSmall compartment to lift up and down. \nAll Moover Toys come flat packed to be made . Simple construction, no screws or bolts. \nRecommended age 2+","Home,Toys,Constructions & Vehicles,Vehicles,Trucks","100182888_1.jpg,100182888_2.jpg","http://www.childplay.com.au/dbimages/bike/fn_2/888/100182888/popup/MooverToys_picture066_size600x400_KB23Kb.jpg?201512061943; http://www.childplay.com.au/dbimages/bike/fn_3/888/100182888/popup/MooverToys_picture067_size600x600_KB43Kb.jpg?201512061943;"
"http://www.childplay.com.au/a/baby-rattles/tolo/vic/clifton-hill/tolo-rattle-pram-play/100206788","Tolo Rattle & Pram Play","$39.95","New","Buy online, In-store","Tolo","Baby Rattles","0 to 12 months","100206788","A gorgeous baby set including rattle and pram play. \nTolo toys are specifically designed to stimulate development using colour,sound and feel as key stimulation aids. \nRecommended for ages 3mths + \nPackaged in gift box 23x23x11cm","Home,Toys,Baby Toys,Rattles and Squeakers","100206788_1.jpg","http://www.childplay.com.au/dbimages/bike/fn_large/788/100206788/popup/tolo_bunny_set.jpg?201505251130;"
"http://www.childplay.com.au/a/games-other/childplay/vic/clifton-hill/windmill/100239798","Childplay Windmill","$10","New","Click & Collect, Buy online","Childplay","Games Other","4+","100239798","Hours of fun with these gorgeous windmills.","Home,Toys,Games & Puzzles,Games,Games Other","100239798_1.jpg","http://www.childplay.com.au/dbimages/bike/fn_large/798/100239798/popup/29-21368-PrimaryImage.image.ashx.jpg?201511232345;"
"http://www.childplay.com.au/a/ride-ons/other/vic/clifton-hill/big-bobby-car/100016715","Big -Bobby car","$130","New","Buy online, In-store","Other","Ride Ons","1+","100016715","Bobby car by Big . Fabulous ride on for age 1+ . \nOutstanding quality, easy grip steering wheel, low centre of gravity. Very safe toy vehicle. \nTremendous play value.","Home,Toys,Rideons & Wagons,Ride Ons","100016715_1.jpg","http://www.childplay.com.au/dbimages/bike/fn_2/715/100016715/popup/big_bobby.jpg?201512062322;"
"http://www.childplay.com.au/a/kids-scooters/micro/vic/clifton-hill/mini-micro-scooter-pink/100232012","Mini Micro Scooter- Pink","$139.95","New","Buy online, In-store","Micro","Kids Scooters","","100232012","Mini micro scooters are the one of the best scooters for pre schoolers in Australia. \nInnovative design features for young beginners. \nThis 3 wheel design combined with the lean and steer action ensures safety and stability for young children. Enables children to use their body weight and balance to steer. \nHighly recommended as a first scooter. \nRecommended age 3 +\nmaximum weight 20 kg","Home,Sports & Activities,Bikes, Scooters & Helmets,Scooters,Scooters","100232012_1.jpg,100232012_2.jpg","http://www.childplay.com.au/dbimages/bike/fn_2/12/100232012/popup/image.jpg?201507141142; http://www.childplay.com.au/dbimages/bike/fn_3/12/100232012/popup/mini2.jpg?201507141142;"
"http://www.childplay.com.au/a/magnetic-building-sets/janod/vic/clifton-hill/magnetic-rocket-giant/100083398","Janod Magnetic Rocket - Giant","$115","New","Buy online, In-store","Janod","Magnetic Building Sets","2+","100083398","Back in stock very soon. \nA wonderful wooden magnetic rocket that you can build . \nBeautiful French design, beautiful quality. \nPopular item for children to play with and a lovely addition for a children's bedroom. \nRecommended Age 2 +","Home,Toys,Constructions & Vehicles,Building,Magnetic","100083398_1.jpg,100083398_2.jpg,100083398_3.jpg","http://www.childplay.com.au/dbimages/bike/fn_large/398/100083398/popup/janod_giant_rocket.jpg?201511201400; http://www.childplay.com.au/dbimages/bike/fn_2/398/100083398/popup/janod_rocket_2.jpg?201511201400; http://www.childplay.com.au/dbimages/bike/fn_3/398/100083398/popup/janod_rocket_giant_3.jpg?201511201400;"
"http://www.childplay.com.au/a/magnets/djeco/vic/clifton-hill/djeco-magnetics-geoforme/100182568","Djeco - Magnetics Geoforme","$69.95","New","Buy online, In-store","Djeco","Magnets","4+","100182568","Beautiful, creative, tactile, fun . \nA wooden carry box of fabulous wooden magnetic shapes and 42 picture cards. \nFollow the cards and design pictures made from shapes. \nDesign your own pictures. \nRecommended age 4 +\nBox size 30cm x 30cm x 5cm","Home,Toys,Educational & Books,Magnets","100182568_1.jpg,100182568_2.jpg","http://www.childplay.com.au/dbimages/bike/fn_2/568/100182568/popup/georforme2.jpg?201512062351; http://www.childplay.com.au/dbimages/bike/fn_3/568/100182568/popup/geofroem3.jpg?201512062351;"
"http://www.childplay.com.au/a/kids-doctors-kit/le-toy-van/vic/clifton-hill/doctor-s-set/100182870","Le Toy Van Doctor’s Set","$79.95","New","Buy online, In-store","Le Toy Van","Kids Doctors Kit","3+","100182870","Doctor Doctor ! A vintage style, child sized ,fabric Doctor’s Bag filled with wooden medical instruments and bottles. \n\nThe set includes:\n\na toy stethoscope, thermometer, syringe, blood pressure gauge, ear scope,reflex hammer, scissors and two medicine bottles. \n\nFor ages 3+\ncomes in a packaged box\n\n22. 6cm x 14. 5 cm x 14. 4cm","Home,Toys,Pretend Play,Doctors Kit","100182870_1.jpg","http://www.childplay.com.au/dbimages/bike/fn_large/870/100182870/popup/0004566_doctors-set.jpg?201508311901;"
"http://www.childplay.com.au/a/baby-musical-interactive-toys/tolo/vic/clifton-hill/tolo-musical-activity-tv-white/100206707","Tolo -Musical Activity TV White","$59.95","New","Buy online, In-store","Tolo","Baby Musical Interactive Toys","0 to 12 months","100206707","A gorgeous small activity centre for the cot , travel, floor play. \nTool toys are designed to stimulate development using colour, sound, and fellas key stimulation aids. \nFour activities are included in this toy - a popular feature of creating a melody and a moving screen with dancing bears. \nPackaged in a beautiful gift box 23x23x11cm\nRecommended from birth onwards.","Home,Toys,Baby Toys,Musical Toys","100206707_1.jpg,100206707_2.jpg","http://www.childplay.com.au/dbimages/bike/fn_large/707/100206707/popup/68cc9a1c1f6cde9ed47cf4cdeb4a66a8.jpg?201509072252; http://www.childplay.com.au/dbimages/bike/fn_2/707/100206707/popup/tolo-classic-musical-activity-tv-_2_-3788-p.jpg?201509072252;"
"http://www.childplay.com.au/a/building-sets-1/pathfinders/vic/clifton-hill/pathfinders-horse/100016422","Pathfinders Horse","$29.95","New","Buy online, In-store","Pathfinders","Building Sets","12+","100016422","A great entry level construction kit for children interested in mechanical fun. Once assembled the horse will move in forward motion by turning the crankshaft. Children are encouraged to paint and decorate the creature .","Home,Toys,Constructions & Vehicles,Building,Sets","100016422_1.jpg","http://www.childplay.com.au/dbimages/bike/fn_2/422/100016422/popup/kit_horse__1_.jpg?201511242253;"
"http://www.childplay.com.au/a/farm-animal-figurines/haba/vic/clifton-hill/noahs-ark-haba/100164336","Noahs Ark - Haba","$189.95","New","Buy online, In-store","Haba","Farm Animal Figurines","2+","100164336","A beautiful Wooden Ark set. \nUnlimited play value. \nThe story of Noah and his trip, a settler in a new land, an expedition searching for rare animals. \nImagination and storytelling ! \nIncludes Noah & family, 18 pairs of colourful animals. \nMade in Germany from Beechwood , non toxic water based\nstains. \nL40cm x w21cm x h12cm","Home,Toys,Figures, Animals & Plush,Animal Figurines,Farm Animals","100164336_1.jpg,100164336_2.jpg,100164336_3.jpg","http://www.childplay.com.au/dbimages/bike/fn_large/336/100164336/popup/haba_noahs_ark.jpg?201412051704; http://www.childplay.com.au/dbimages/bike/fn_2/336/100164336/popup/noahs_ark_2.jpg?201412051704; http://www.childplay.com.au/dbimages/bike/fn_3/336/100164336/popup/noahs_ark3.jpg?201412051704;"
"http://www.childplay.com.au/a/block-puzzles/areaware/vic/clifton-hill/cubebot-medium-natural/100200830","Areaware Cubebot Medium Natural","$39.95","New","Buy online, In-store","Areaware","Block Puzzles","3+","100200830","Japanese inspired wooden cube puzzle- Cubebot\nThis is not a regular wooden cube but a jointed Wooden Robot. \nDurable wooden limbs & elastic joints allow this Robot to manually move. \nDesign your many poses and fold into a perfect cube . \nTop Selling item at Childplay\nRecommended age 3+\nMulit coloured \nCube size at rest - 8. 9cm x 8. 9cm\nRobot size 24cm Tall, 34cm arm span. \nMade from sustainable harvested beech wood.","Home,Toys,Games & Puzzles,Puzzles,Block Puzzles","100200830_1.jpg,100200830_2.jpg,100200830_3.jpg","http://www.childplay.com.au/dbimages/bike/fn_2/830/100200830/popup/cubebot_med_3.jpg?201503231406; http://www.childplay.com.au/dbimages/bike/fn_3/830/100200830/popup/cubebotmed1.jpg?201503231406; http://www.childplay.com.au/dbimages/bike/fn_4/830/100200830/popup/cubebot_med_2.jpg?201503231406;"
"http://www.childplay.com.au/a/toy-aircraft/green-toys/vic/clifton-hill/airplane/100239186","Green Toys Airplane","$33.95","New","Buy online, In-store","Green Toys","Toy Aircraft","3+","100239186","The Green Toys® Airplane is one aircraft Mother Nature is happy to clear for takeoff! Made in the USA from 100% recycled plastic milk jugs that save energy and reduce greenhouse gas emissions, this single-seater plane features a spinning propeller, two-wheeled landing gear, and racing stripes on its rounded wings. Imaginations will soar to new heights as pilots-in-training practice loops, rolls, and spins with this eco-friendly flyer. The lightweight design and tapered, easy-to-grasp body shape let even the littlest aviators ascend through flight school with ease. \n\nManufactured in the USA Made from 100% recycled plastic BPA, phthalates or PVC Meets FDA food contact standards Easy to clean and dishwasher safe Packaged with recycled and recyclable materials and printed with soy inks","Home,Toys,Constructions & Vehicles,Vehicles,Aircraft","100239186_1.jpg,100239186_2.jpg,100239186_3.jpg","http://www.childplay.com.au/dbimages/bike/fn_large/186/100239186/popup/7-27-2015_6-21-06_PM.jpg?201512091353; http://www.childplay.com.au/dbimages/bike/fn_2/186/100239186/popup/7-27-2015_6-21-14_PM.jpg?201512091353; http://www.childplay.com.au/dbimages/bike/fn_3/186/100239186/popup/7-27-2015_6-21-22_PM.jpg?201512091353;"
"http://www.childplay.com.au/a/soft-bears/flatout-bear/vic/clifton-hill/flatout-bear-chocolate/100219962","FLATOUT Bear - Chocolate","$65","New","Click & Collect, Buy online","FLATOUT Bear","Soft Bears","All Ages","100219962","Gorgeous, soft , cuddly and flat. \nFlatout Bear is made of 100% pure Australian Sheepskin and shaped like a teddy bear. \nNatural ,plush and luxurious. \nA perfect cuddly toy for babies and children. \nSize 30cm x 25 cm x 5cm \nEasy care - warm hand wash & dry in shade. \nColours available - Milk , Honey, Latte, Licorice, Chocolate","Home,Toys,Figures, Animals & Plush,Soft,Bears","100219962_1.jpg,100219962_2.jpg","http://www.childplay.com.au/dbimages/bike/fn_large/962/100219962/popup/choc.jpg?201506161402; http://www.childplay.com.au/dbimages/bike/fn_3/962/100219962/popup/choc2.jpg?201506161402;"
"http://www.childplay.com.au/a/science-educational-toys/other/vic/clifton-hill/bug-catcher-house/100021599","Bug Catcher / house","$39.95","New","Buy online, In-store","Other","Science Educational Toys","8+","100021599","A bug catcher with accessories can assist the little explorer who likes creepy crawlies.","Home,Toys,Educational & Books,Educational,Science","100021599_1.jpg,100021599_2.jpg","http://www.childplay.com.au/dbimages/bike/fn_large/599/100021599/popup/D03.jpg?201502102326; http://www.childplay.com.au/dbimages/bike/fn_2/599/100021599/popup/D03_2.jpg?201502102326;"
"http://www.childplay.com.au/a/magnetic-building-sets/tegu/vic/clifton-hill/tegu-magnetic-wooden-blocks-tints/100247683","Tegu - Magnetic Wooden Blocks Tints","$129.95","New","Buy online, In-store","Tegu","Magnetic Building Sets","1+","100247683","As toys have evolved the wooden building block is still an essential item in any playroom. Wooden blocks provide simplicity and developmental benefits for all ages and abilities . \nTegu have created a Magnetic building block which further extends building possibilities, limited only by the builders imagination. \nEach block is multi- faceted, featuring magical magnetic hot spots in ideal connection locations. \nTegu blocks feature a north and south pole - so if a block doesn't click , just flip it and stick it. \nBeautiful quality. \nSet includes 24 Magnetic pieces - 8 unique magnetic shapes plus wheels \nRecommended age 1 -99.","Home,Toys,Constructions & Vehicles,Building,Magnetic","100247683_1.jpg,100247683_2.jpg","http://www.childplay.com.au/dbimages/bike/fn_large/683/100247683/popup/image.jpg?201509240939; http://www.childplay.com.au/dbimages/bike/fn_4/683/100247683/popup/tegu_42_tunts.jpg?201509240939;"
"http://www.childplay.com.au/a/kids-shape-sorter/bajo/vic/clifton-hill/bajo-snail-sortstroller/100133927","Bajo Snail Sortstroller","$69.95","New","Click & Collect, Buy online","Bajo","Kids Shape Sorter","1+","100133927","This sort stroller consists of 2 parts. \nThe mobile base and the wooden cylinder shape sorter. \nWhen the children pull the snail along a simple system of wheels rolls the snail shell cylinder. \n6 colourful wooden shapes match the holes in the wooden snail shell. \nYounger children can use the snail shell as a large rolling rattle. \nVersatile wooden toy. \nMade in Poland. \nRecommended age 1+","Home,Toys,Baby Toys,Shape Sorter","100133927_1.jpg","http://www.childplay.com.au/dbimages/bike/fn_2/927/100133927/popup/bajo_snail.jpg?201508202318;"
"http://www.childplay.com.au/a/toy-trains/make-me-iconic/vic/clifton-hill/iconic-melbourne-tram/100000271","Make Me Iconic Iconic Melbourne Tram","$90","New","Buy online, In-store","Make Me Iconic","Toy Trains","3+","100000271","This wooden toy from Make Me Iconic is based on an authentic Melbourne tram. Complete with 12 wooden passengers and 2 tram conductors. \nThe tram has wheels on the bottom , and the lid comes off the top for interactive play. \nThis tram would make a sensational gift for a special occasion, and is great as a collectable. \nSuitable for ages 3+\nApprox 35 x 15 x 12cm. \n\nCome in a visit Karen to check out her range of wonderful toys.","Home,Toys,Constructions & Vehicles,Vehicles,Trains","100000271_1.jpg","http://www.childplay.com.au/dbimages/bike/fn_large/271/100000271/popup/tram.jpg?201501131641;"
"http://www.childplay.com.au/a/nursery-mobiles/flensted/vic/clifton-hill/flensted-monkey-tree-mobile/100064976","Flensted -Monkey Tree Mobile","$44.95","New","Buy online, In-store","Flensted","Nursery Mobiles","","100064976","Flensted mobiles are designed to create constant motion and harmonic balance. \nMovement with imagination and creativity. \nMaterial cardboard\nMobile is suspended by wire & thread, 5 monkeys revolve independently with the smallest of air movements.","Home,Nursery,Kids Bedroom,Decor,Mobiles","100064976_1.jpg","http://www.childplay.com.au/dbimages/bike/fn_large/976/100064976/popup/monket_tree_resize.jpg?201503242225;"
"http://www.childplay.com.au/a/kids-memory-card-game/eeboo/vic/clifton-hill/eeboo-memory-life-on-earth/100163764","EeBoo Memory- Life on Earth","$34.95","New","Buy online, In-store","EeBoo","Kids Memory Card Game","4+","100163764","Flora and Fauna from around the world. 24 pairs of life including everything from Iguanas to cardinals, oak leaves to acorns to underwater coral. \nBeautiful quality, strong cardboard. \nRecommended age 4+","Home,Toys,Games & Puzzles,Games,Card Games,Memory","100163764_1.jpg,100163764_2.jpg","http://www.childplay.com.au/dbimages/bike/fn_large/764/100163764/popup/eeboo_life_on_earth.jpg?201511232029; http://www.childplay.com.au/dbimages/bike/fn_2/764/100163764/popup/eeboo_life_on.jpg?201511232029;"
